code,system
1567896,ICD10CM
1567896,ICD10CM
134618,ICD10CM
4034811,ICD10CM
134618,ICD10CM
4034811,ICD10CM
1567896,ICD10CM
1567896,ICD10CM
134618,ICD10CM
4034811,ICD10CM
134618,ICD10CM
4034811,ICD10CM
45557103,ICD10CM
45595787,ICD10CM
45557103,ICD10CM
45595787,ICD10CM
45557103,ICD10CM
45595787,ICD10CM
45557103,ICD10CM
45595787,ICD10CM
44820678,ICD10CM
44820678,ICD10CM
44820678,ICD10CM
44820678,ICD10CM
4030350,ICD10CM
4030350,ICD10CM
4030350,ICD10CM
4030350,ICD10CM
4049335,ICD10CM
4095104,ICD10CM
4049335,ICD10CM
4095104,ICD10CM
4049335,ICD10CM
4095104,ICD10CM
4049335,ICD10CM
4095104,ICD10CM
4165874,ICD10CM
4243976,ICD10CM
4165874,ICD10CM
4243976,ICD10CM
4165874,ICD10CM
4243976,ICD10CM
4165874,ICD10CM
4243976,ICD10CM
4185522,ICD10CM
4280939,ICD10CM
4185522,ICD10CM
4280939,ICD10CM
4185522,ICD10CM
4280939,ICD10CM
4185522,ICD10CM
4280939,ICD10CM
4243042,ICD10CM
4243042,ICD10CM
4243042,ICD10CM
4243042,ICD10CM